{
    "user_based_rmse": 3.075758044582532,
    "item_based_rmse": 3.587192732186981
}